<?xml version="1.0"?>
<!--<!DOCTYPE metadata SYSTEM "http://www.esri.com/metadata/esriprof80.dtd">-->
<metadata xml:lang="fa"><Esri><CreaDate>20110704</CreaDate><CreaTime>13090100</CreaTime><SyncOnce>TRUE</SyncOnce><MetaID>{27575F4A-4AB6-420B-BB78-8E90D6DFCB7A}</MetaID></Esri><idinfo><citation><citeinfo><onlink Sync="TRUE">\\HASSAN-PC\C$\GIS\LAYER TEHRAN\خطی\New Folder (3)\roads-line</onlink></citeinfo></citation></idinfo><distInfo><distributor><distorTran><onLineSrc><linkage Sync="TRUE">file://\\HASSAN-PC\C$\GIS\LAYER TEHRAN\خطی\New Folder (3)\roads-line</linkage><protocol Sync="TRUE">Local Area Network</protocol></onLineSrc></distorTran></distributor></distInfo><dataqual><lineage><procstep><procdesc Sync="TRUE">Dataset copied.</procdesc><srcused Sync="TRUE">C:\GIS\tehran\تهران\LINE\roads-line</srcused><procdate Sync="TRUE">20110704</procdate><proctime Sync="TRUE">13090100</proctime></procstep></lineage></dataqual></metadata>
