<?xml version="1.0"?>
<!--<!DOCTYPE metadata SYSTEM "http://www.esri.com/metadata/esriprof80.dtd">-->
<metadata xml:lang="fa"><Esri><CreaDate>20110703</CreaDate><CreaTime>12555700</CreaTime><SyncOnce>TRUE</SyncOnce><MetaID>{BFE77742-F5D8-46B6-8A8F-99CF3476A72D}</MetaID></Esri><idinfo><citation><citeinfo><onlink Sync="TRUE">\\HASSAN-PC\C$\GIS\LAYER TEHRAN\New Folder\monum-histor-shape</onlink></citeinfo></citation></idinfo><distInfo><distributor><distorTran><onLineSrc><linkage Sync="TRUE">file://\\HASSAN-PC\C$\GIS\LAYER TEHRAN\New Folder\monum-histor-shape</linkage><protocol Sync="TRUE">Local Area Network</protocol></onLineSrc></distorTran></distributor></distInfo><dataqual><lineage><procstep><procdesc Sync="TRUE">Dataset copied.</procdesc><srcused Sync="TRUE">C:\GIS\tehran\تهران\POLY\monum-histor-shape</srcused><procdate Sync="TRUE">20110703</procdate><proctime Sync="TRUE">12555700</proctime></procstep></lineage></dataqual></metadata>
