<?xml version="1.0"?>
<!--<!DOCTYPE metadata SYSTEM "http://www.esri.com/metadata/esriprof80.dtd">-->
<metadata xml:lang="fa"><Esri><CreaDate>20110703</CreaDate><CreaTime>13322100</CreaTime><SyncOnce>TRUE</SyncOnce><MetaID>{96F47EB1-87ED-4F74-9952-028B89BD41FC}</MetaID></Esri><idinfo><citation><citeinfo><onlink Sync="TRUE">\\HASSAN-PC\C$\GIS\LAYER TEHRAN\آرامگاه قبر بناهای تاریخی بناهای مذهبی\ruins-shape</onlink></citeinfo></citation></idinfo><distInfo><distributor><distorTran><onLineSrc><linkage Sync="TRUE">file://\\HASSAN-PC\C$\GIS\LAYER TEHRAN\آرامگاه قبر بناهای تاریخی بناهای مذهبی\ruins-shape</linkage><protocol Sync="TRUE">Local Area Network</protocol></onLineSrc></distorTran></distributor></distInfo><dataqual><lineage><procstep><procdesc Sync="TRUE">Dataset copied.</procdesc><srcused Sync="TRUE">C:\GIS\tehran\تهران\POLY\ruins-shape</srcused><procdate Sync="TRUE">20110703</procdate><proctime Sync="TRUE">13322100</proctime></procstep></lineage></dataqual></metadata>
