<?xml version="1.0"?>
<!--<!DOCTYPE metadata SYSTEM "http://www.esri.com/metadata/esriprof80.dtd">-->
<metadata xml:lang="fa"><Esri><CreaDate>20110703</CreaDate><CreaTime>13181300</CreaTime><SyncOnce>TRUE</SyncOnce><MetaID>{DC53715C-00F4-4C57-A579-F96ECEAB140E}</MetaID></Esri><idinfo><citation><citeinfo><onlink Sync="TRUE">\\HASSAN-PC\C$\GIS\LAYER TEHRAN\New Folder\rock-shape</onlink></citeinfo></citation></idinfo><distInfo><distributor><distorTran><onLineSrc><linkage Sync="TRUE">file://\\HASSAN-PC\C$\GIS\LAYER TEHRAN\New Folder\rock-shape</linkage><protocol Sync="TRUE">Local Area Network</protocol></onLineSrc></distorTran></distributor></distInfo><dataqual><lineage><procstep><procdesc Sync="TRUE">Dataset copied.</procdesc><srcused Sync="TRUE">C:\GIS\tehran\تهران\POLY\rock-shape</srcused><procdate Sync="TRUE">20110703</procdate><proctime Sync="TRUE">13181300</proctime></procstep></lineage></dataqual></metadata>
