<?xml version="1.0"?>
<!--<!DOCTYPE metadata SYSTEM "http://www.esri.com/metadata/esriprof80.dtd">-->
<metadata xml:lang="fa"><Esri><CreaDate>20110705</CreaDate><CreaTime>00003500</CreaTime><SyncOnce>TRUE</SyncOnce><MetaID>{A963AD97-D355-4063-B495-E6B92FA12136}</MetaID></Esri><idinfo><citation><citeinfo><onlink Sync="TRUE">\\HASSAN-PC\C$\GIS\LAYER TEHRAN\خطی\آسفالته، آزاد راه، اتوبان، جاده خاکی و شنی، راه اهن دو خطه\airstrip-line</onlink></citeinfo></citation></idinfo><distInfo><distributor><distorTran><onLineSrc><linkage Sync="TRUE">file://\\HASSAN-PC\C$\GIS\LAYER TEHRAN\خطی\آسفالته، آزاد راه، اتوبان، جاده خاکی و شنی، راه اهن دو خطه\airstrip-line</linkage><protocol Sync="TRUE">Local Area Network</protocol></onLineSrc></distorTran></distributor></distInfo><dataqual><lineage><procstep><procdesc Sync="TRUE">Dataset copied.</procdesc><srcused Sync="TRUE">C:\GIS\tehran\تهران\LINE\airstrip-line</srcused><procdate Sync="TRUE">20110705</procdate><proctime Sync="TRUE">00003500</proctime></procstep></lineage></dataqual></metadata>
