<?xml version="1.0"?>
<!--<!DOCTYPE metadata SYSTEM "http://www.esri.com/metadata/esriprof80.dtd">-->
<metadata xml:lang="fa"><Esri><CreaDate>20110704</CreaDate><CreaTime>13110000</CreaTime><SyncOnce>TRUE</SyncOnce><MetaID>{E8A7A750-C6A5-404A-89F5-2CB331303EFD}</MetaID></Esri><idinfo><citation><citeinfo><onlink Sync="TRUE">\\HASSAN-PC\C$\GIS\LAYER TEHRAN\خطی\آسفالته، آزاد راه، اتوبان، جاده خاکی و شنی\double-railway-line</onlink></citeinfo></citation></idinfo><distInfo><distributor><distorTran><onLineSrc><linkage Sync="TRUE">file://\\HASSAN-PC\C$\GIS\LAYER TEHRAN\خطی\آسفالته، آزاد راه، اتوبان، جاده خاکی و شنی\double-railway-line</linkage><protocol Sync="TRUE">Local Area Network</protocol></onLineSrc></distorTran></distributor></distInfo><dataqual><lineage><procstep><procdesc Sync="TRUE">Dataset copied.</procdesc><srcused Sync="TRUE">C:\GIS\tehran\تهران\LINE\double-railway-line</srcused><procdate Sync="TRUE">20110704</procdate><proctime Sync="TRUE">13004100</proctime></procstep><procstep><procdesc Sync="TRUE">Dataset copied.</procdesc><srcused Sync="TRUE">C:\GIS\LAYER TEHRAN\خطی\راه آهن دو خطه\double-railway-line</srcused><procdate Sync="TRUE">20110704</procdate><proctime Sync="TRUE">13110000</proctime></procstep></lineage></dataqual></metadata>
