<?xml version="1.0"?>
<!--<!DOCTYPE metadata SYSTEM "http://www.esri.com/metadata/esriprof80.dtd">-->
<metadata xml:lang="fa"><Esri><CreaDate>20110704</CreaDate><CreaTime>13045800</CreaTime><SyncOnce>TRUE</SyncOnce><MetaID>{EFE03ADF-6F81-461D-BF55-4A81DFA7FA75}</MetaID></Esri><idinfo><citation><citeinfo><onlink Sync="TRUE">\\HASSAN-PC\C$\GIS\LAYER TEHRAN\خطی\New Folder\highway-line</onlink></citeinfo></citation></idinfo><distInfo><distributor><distorTran><onLineSrc><linkage Sync="TRUE">file://\\HASSAN-PC\C$\GIS\LAYER TEHRAN\خطی\New Folder\highway-line</linkage><protocol Sync="TRUE">Local Area Network</protocol></onLineSrc></distorTran></distributor></distInfo><dataqual><lineage><procstep><procdesc Sync="TRUE">Dataset copied.</procdesc><srcused Sync="TRUE">C:\GIS\tehran\تهران\LINE\highway-line</srcused><procdate Sync="TRUE">20110704</procdate><proctime Sync="TRUE">13045800</proctime></procstep></lineage></dataqual></metadata>
