<?xml version="1.0"?>
<!--<!DOCTYPE metadata SYSTEM "http://www.esri.com/metadata/esriprof80.dtd">-->
<metadata xml:lang="fa"><Esri><CreaDate>20110705</CreaDate><CreaTime>00152100</CreaTime><SyncOnce>TRUE</SyncOnce><MetaID>{64BABB53-9E98-4E10-ADCF-C29104B9DF81}</MetaID></Esri><idinfo><citation><citeinfo><onlink Sync="TRUE">\\HASSAN-PC\C$\GIS\LAYER TEHRAN\خطی\مسیر هوایی،آسفالته، آزاد راه، اتوبان، جاده خاکی و شنی، راه اهن دو خطه\single-railway-line</onlink></citeinfo></citation></idinfo><distInfo><distributor><distorTran><onLineSrc><linkage Sync="TRUE">file://\\HASSAN-PC\C$\GIS\LAYER TEHRAN\خطی\مسیر هوایی،آسفالته، آزاد راه، اتوبان، جاده خاکی و شنی، راه اهن دو خطه\single-railway-line</linkage><protocol Sync="TRUE">Local Area Network</protocol></onLineSrc></distorTran></distributor></distInfo><dataqual><lineage><procstep><procdesc Sync="TRUE">Dataset copied.</procdesc><srcused Sync="TRUE">C:\GIS\tehran\تهران\LINE\single-railway-line</srcused><procdate Sync="TRUE">20110705</procdate><proctime Sync="TRUE">00152100</proctime></procstep></lineage></dataqual></metadata>
