<?xml version="1.0"?>
<!--<!DOCTYPE metadata SYSTEM "http://www.esri.com/metadata/esriprof80.dtd">-->
<metadata xml:lang="fa"><Esri><CreaDate>20110705</CreaDate><CreaTime>00144200</CreaTime><SyncOnce>TRUE</SyncOnce><MetaID>{1F4C31C0-4C32-4E1F-8C36-7329A644796D}</MetaID></Esri><idinfo><citation><citeinfo><onlink Sync="TRUE">\\HASSAN-PC\C$\GIS\LAYER TEHRAN\خطی\مسیر هوایی،آسفالته، آزاد راه، اتوبان، جاده خاکی و شنی، راه اهن دو خطه\track-road-line</onlink></citeinfo></citation></idinfo><distInfo><distributor><distorTran><onLineSrc><linkage Sync="TRUE">file://\\HASSAN-PC\C$\GIS\LAYER TEHRAN\خطی\مسیر هوایی،آسفالته، آزاد راه، اتوبان، جاده خاکی و شنی، راه اهن دو خطه\track-road-line</linkage><protocol Sync="TRUE">Local Area Network</protocol></onLineSrc></distorTran></distributor></distInfo><dataqual><lineage><procstep><procdesc Sync="TRUE">Dataset copied.</procdesc><srcused Sync="TRUE">C:\GIS\tehran\تهران\LINE\track-road-line</srcused><procdate Sync="TRUE">20110705</procdate><proctime Sync="TRUE">00144200</proctime></procstep></lineage></dataqual></metadata>
