<metadata xml:lang="fa"><Esri><CreaDate>20170430</CreaDate><CreaTime>12055900</CreaTime><SyncOnce>FALSE</SyncOnce><DataProperties><lineage><Process ToolSource="C:\Program Files\ArcGIS\ArcToolbox\Toolboxes\Data Management Tools.tbx\DeleteField" Date="20130817" Time="164647">DeleteField Abadi90_Point Hozeh90;X_UTM;Y_UTM;X_Geo;Y_Geo;English_na;os;FID_1;FID_12;Abadi_Code_1;Address90_1;Hozeh90_1;X_UTM_1;Y_UTM_1;X_Geo_1;Y_Geo_1;Abadi_Name_1;English_na_1;os_1;OID_;address;ostan;shahrestan;bakhsh;shrdeh;abadi;FID_12_13;Abadi_Code_12;Address90_12;F00_1;F01_1;F02_1;F03_1;F04_1;Ostan_1;Shahrestan_1;Bakhsh_1;ShrDeh_1;Hozeh Abadi90_Point</Process><Process ToolSource="C:\Program Files\ArcGIS\ArcToolbox\Toolboxes\Data Management Tools.tbx\DeleteField" Date="20130818" Time="121430">DeleteField F:\Final_Roostai\Abadi_Point.mdb\Abadi90_Point F126 F:\Final_Roostai\Abadi_Point.mdb\Abadi90_Point</Process><Process ToolSource="C:\Program Files\ArcGIS\ArcToolbox\Toolboxes\Data Management Tools.tbx\DeleteField" Date="20140305" Time="095153">DeleteField "F:\ostad rahimi\keshvari-j\abadi point\Abadi_Point.mdb\Abadi90_Point" F00;F01;F02;F03;F04;F63;F64;F65;F66;F67;F68;KhCol07;KhCol08;KhCol09;KhCol10;KhCol11;KhCol12;KhCol13;KhCol14;KhCol15;KhCol16;KhCol17;KhCol18;KhCol19;KhCol20;KhCol21;KhCol22;KhCol23;KhCol24;KhCol25;KhCol26;KhCol27;KhCol28;KhCol29;KhCol30;KhCol31;KhCol32;KhCol33;KhCol34;KhCol35;KhCol36;KhCol37;KhCol38;KhCol39;KhCol40;KhCol41;KhCol42;KhCol43;KhCol44;KhCol45;KhCol46;KhCol47;KhCol48;KhCol49;KhCol50;KhCol51;KhCol52;KhCol53;KhCol54;KhCol55;KhCol56;KhCol57;family_cou;MasCol01;MasCol02;MasCol03;MasCol04;MasCol05;MasCol127;MasCol128;MasCol129;MasCol130;MasCol131;MasCol132;MasCol133;MasCol134;MasCol135;MasCol136;MasCol137;MasCol138;MasCol139;MasCol140;MasCol141;MasCol142;MasCol143;MasCol144;MasCol145;MasCol146;MasCol147;MasCol148;MasCol149;MasCol150;MasCol151;MasCol152;MasCol153;MasCol154;MasCol155;MasCol156;MasCol157;Abcol01;Abcol02;Abcol03;Abcol04;F07;F08;F09;F10;F11;F12;F13;F14;F15;F16;Abcol15;Abcol16;Abcol17;Abcol18;Abcol19;Abcol20;Abcol21;F17;Abcol23;Abcol24;F18;F19;F20;Abcol28;Abcol29;Abcol30;Abcol31;Abcol32;Abcol33;Abcol34;Abcol35;Abcol36;F23;Abcol38;Abcol39;F25;F26;F27;F28;Abcol44;Abcol45;Abcol46;F29;Abcol48;Abcol49;F30;Abcol51;Abcol52;F31;F32;Abcol55;F33;F34;F35;F36;F37;F38;F39;Abcol63;F40;Abcol65;F41;F42;Abcol68;F43;F44;F46;F47;F48;Abcol74;Abcol75;Abcol76;Abcol77;Abcol78;Abcol79;F55;F56;F57;F58;F59;F60;F61;Abcol87;Abcol88;F49;F50;F51;Abcol92;F52;F54;F53;Abcol96;F62;Population "F:\ostad rahimi\keshvari-j\abadi point\Abadi_Point.mdb\Abadi90_Point"</Process><Process ToolSource="C:\Program Files\ArcGIS\ArcToolbox\Toolboxes\Conversion Tools.tbx\FeatureClassToFeatureClass" Date="20140305" Time="104854">FeatureClassToFeatureClass "F:\ostad rahimi\keshvari-j\abadi point\Abadi_Point.mdb\Abadi90_Point" "F:\ostad rahimi\keshvari-j\abadi point\Abadi_point.gdb" Abadi90_Point # "Abadi_Code 'آبادی کد' true true false 6 Text 0 0 ,First,#,F:\ostad rahimi\keshvari-j\abadi point\Abadi_Point.mdb\Abadi90_Point,Abadi_Code,-1,-1;F5 'آدرس آماری' true true false 254 Text 0 0 ,First,#,F:\ostad rahimi\keshvari-j\abadi point\Abadi_Point.mdb\Abadi90_Point,F5,-1,-1;ostan 'نام استان' true true false 255 Text 0 0 ,First,#,F:\ostad rahimi\keshvari-j\abadi point\Abadi_Point.mdb\Abadi90_Point,ostan,-1,-1;shahrestan 'نام شهرستان' true true false 255 Text 0 0 ,First,#,F:\ostad rahimi\keshvari-j\abadi point\Abadi_Point.mdb\Abadi90_Point,shahrestan,-1,-1;bakhsh 'نا م بخش' true true false 255 Text 0 0 ,First,#,F:\ostad rahimi\keshvari-j\abadi point\Abadi_Point.mdb\Abadi90_Point,bakhsh,-1,-1;shrdeh 'shrdeh' true true false 255 Text 0 0 ,First,#,F:\ostad rahimi\keshvari-j\abadi point\Abadi_Point.mdb\Abadi90_Point,shrdeh,-1,-1;Abadi 'Abadi' true true false 255 Text 0 0 ,First,#,F:\ostad rahimi\keshvari-j\abadi point\Abadi_Point.mdb\Abadi90_Point,Abadi,-1,-1;Col01 'جمعیت کل' true true false 8 Double 0 0 ,First,#,F:\ostad rahimi\keshvari-j\abadi point\Abadi_Point.mdb\Abadi90_Point,Col01,-1,-1;Col02 'تعداد مرد' true true false 8 Double 0 0 ,First,#,F:\ostad rahimi\keshvari-j\abadi point\Abadi_Point.mdb\Abadi90_Point,Col02,-1,-1;Col03 'تعداد زن' true true false 8 Double 0 0 ,First,#,F:\ostad rahimi\keshvari-j\abadi point\Abadi_Point.mdb\Abadi90_Point,Col03,-1,-1;Col04 'جمعیت 6ساله  وبیشتر-کل' true true false 8 Double 0 0 ,First,#,F:\ostad rahimi\keshvari-j\abadi point\Abadi_Point.mdb\Abadi90_Point,Col04,-1,-1;Col05 'جمعيت 6 ساله وبيشتر-مرد' true true false 8 Double 0 0 ,First,#,F:\ostad rahimi\keshvari-j\abadi point\Abadi_Point.mdb\Abadi90_Point,Col05,-1,-1;Col06 'جمعیت6ساله و بیشتر-زن' true true false 8 Double 0 0 ,First,#,F:\ostad rahimi\keshvari-j\abadi point\Abadi_Point.mdb\Abadi90_Point,Col06,-1,-1;Col07 'جمعيت 4-0 ساله -كل' true true false 8 Double 0 0 ,First,#,F:\ostad rahimi\keshvari-j\abadi point\Abadi_Point.mdb\Abadi90_Point,Col07,-1,-1" # "F:\ostad rahimi\keshvari-j\abadi point\Abadi_point.gdb\Abadi90_Point"</Process><Process ToolSource="C:\Program Files\ArcGIS\ArcToolbox\Toolboxes\Data Management Tools.tbx\DeleteField" Date="20140305" Time="105212">DeleteField "F:\ostad rahimi\keshvari-j\abadi point\Abadi_point.gdb\Abadi90_Point" ostan;shahrestan;bakhsh;shrdeh;Abadi;Col01;Col02;Col03;Col04;Col05;Col06;Col07 "F:\ostad rahimi\keshvari-j\abadi point\Abadi_point.gdb\Abadi90_Point"</Process><Process ToolSource="C:\Program Files\ArcGIS\ArcToolbox\Toolboxes\Data Management Tools.tbx\JoinField" Date="20140305" Time="111209">JoinField "F:\ostad rahimi\keshvari-j\abadi point\Abadi_point.gdb\Abadi90_Point" F5 E:\taghzie-pars-j\alias-roostayi\khanevar-abadi00-30.gdb\kh_1 address ostan;shahrestan;bakhsh;shrdeh;Abadi;Col01;Col02;Col03;Col04;Col05;Col06;Col07;Col08;Col09;Col10;Col11;Col12;Col13;Col14;Col15;Col16;Col17;Col18;Col19;Col20;Col21;Col22;Col23;Col24;Col25;Col26;Col27;Col28;Col29;Col30;Col31;Col32;Col33;Col34;Col35;Col36;Col37;Col38;Col39;Col40;Col41;Col42;Col43;Col44;Col45;Col46;Col47;Col48;Col49;Col50;Col51;Col52;Col53;Col54;Col55;Col56;Col57;family_count "F:\ostad rahimi\keshvari-j\abadi point\Abadi_point.gdb\Abadi90_Point"</Process><Process ToolSource="C:\Program Files\ArcGIS\ArcToolbox\Toolboxes\Data Management Tools.tbx\JoinField" Date="20140305" Time="120327">JoinField "F:\ostad rahimi\keshvari-j\abadi point\Abadi_point.gdb\Abadi90_Point" F5 E:\taghzie-pars-j\alias-roostayi\maskan-abadi00-30.gdb\mas_abadi address19 col01;col02;col03;col04;col05;col127;col128;col129;col130;col131;col132;col133;col134;col135;col136;col137;col138;col139;col140;col141;col142;col143;col144;col145;col146;col147;col148;col149;col150;col151;col152;col153;col154;col155;col156;col157;col158;col159;col160;col161;col162;col163;col164;col165;col166;col167;col168;col169;col170;col171;col172;col173 "F:\ostad rahimi\keshvari-j\abadi point\Abadi_point.gdb\Abadi90_Point"</Process><Process ToolSource="C:\Program Files\ArcGIS\ArcToolbox\Toolboxes\Data Management Tools.tbx\JoinField" Date="20140305" Time="145404">JoinField "F:\ostad rahimi\keshvari-j\abadi point\Abadi_point.gdb\Abadi90_Point" Abadi_Code E:\taghzie-pars-j\alias-roostayi\shenasnameh.gdb\sh BlkAbd Ostan;Shahrestan;Bakhsh;ShrDeh;Hozeh;BlkAbd;col01;col02;col03;col04;col05;col06;col07;col08;col09;col10;col11;col12;col13;col14;col15;col16;col17;col18;col19;col20;col21;col22;col23;col24;col25;col26;col27;col28;col29;col30;col31;col32;col33;col34;col35;col36;col37;col38;col39;col40;col41;col42;col43;col44;col45;col46;col47;col48;col49;col50;col51;col52;col53;col54;col55;col56;col57;col58;col59;col60;col61;col62;col63;col64;col65;col66;col67;col68;col69;col70;col71;col72;col73;col74;col75;col76;col77;col78;col79;col80;col81;col82;col83;col84;col85;col86;col87;col88;col89;col90;col91;col92;col93;col94;col95;col96;Household;Population;Name_Ostan;Name_shahrestan;Name_bakhsh;Name_dehestan;Name_abady "F:\ostad rahimi\keshvari-j\abadi point\Abadi_point.gdb\Abadi90_Point"</Process><Process ToolSource="C:\Program Files\ArcGIS\ArcToolbox\Toolboxes\Data Management Tools.tbx\DeleteField" Date="20140305" Time="145726">DeleteField "F:\ostad rahimi\keshvari-j\abadi point\Abadi_point.gdb\Abadi90_Point" Name_shahrestan;Name_bakhsh;Name_dehestan;Name_abady "F:\ostad rahimi\keshvari-j\abadi point\Abadi_point.gdb\Abadi90_Point"</Process><Process ToolSource="C:\Program Files\ArcGIS\ArcToolbox\Toolboxes\Data Management Tools.tbx\CopyFeatures" Date="20140426" Time="201137">CopyFeatures "E:\Tasks_New\JahanNaghshePardaz\NewData\92-12-15\CD1\keshvari\keshvari-j\keshvari-j\abadi point\Abadi_point.gdb\Abadi90_Point" E:\Tasks_New\JahanNaghshePardaz\Program\IranCensus\IranCensus\bin\Debug\LayerFiles\TempLyr.gdb\Rural\Abadi90_Point # 0 0 0</Process><Process ToolSource="C:\Program Files\ArcGIS\ArcToolbox\Toolboxes\Conversion Tools.tbx\FeatureClassToFeatureClass" Date="20141204" Time="094717">FeatureClassToFeatureClass "F:\ABADI 90\321.shp" "F:\ABADI 90\New File Geodatabase.gdb" ALIAS # "OBJECTID 'شناسه' true true false 9 Long 0 9 ,First,#,F:\ABADI 90\321.shp,OBJECTID,-1,-1;Abadi_Code 'آبادی کد' true true false 6 Text 0 0 ,First,#,F:\ABADI 90\321.shp,Abadi_Code,-1,-1;F5 'آدرس آماري' true true false 254 Text 0 0 ,First,#,F:\ABADI 90\321.shp,F5,-1,-1;ostan 'نام استان' true true false 254 Text 0 0 ,First,#,F:\ABADI 90\321.shp,ostan,-1,-1;shahrestan 'نام شهرستان' true true false 254 Text 0 0 ,First,#,F:\ABADI 90\321.shp,shahrestan,-1,-1;bakhsh 'نا م بخش' true true false 254 Text 0 0 ,First,#,F:\ABADI 90\321.shp,bakhsh,-1,-1;shrdeh 'شهر - ده' true true false 254 Text 0 0 ,First,#,F:\ABADI 90\321.shp,shrdeh,-1,-1;Abadi 'آبادی' true true false 254 Text 0 0 ,First,#,F:\ABADI 90\321.shp,Abadi,-1,-1;Col04 'جمعیت 6ساله  وبیشتر-کل' true true false 19 Double 0 0 ,First,#,F:\ABADI 90\321.shp,Col04,-1,-1;Col05 'جمعيت 6 ساله وبيشتر-مرد' true true false 19 Double 0 0 ,First,#,F:\ABADI 90\321.shp,Col05,-1,-1;Col06 'جمعیت6ساله و بیشتر-زن' true true false 19 Double 0 0 ,First,#,F:\ABADI 90\321.shp,Col06,-1,-1;Col07 'جمعيت 4-0 ساله -كل' true true false 19 Double 0 0 ,First,#,F:\ABADI 90\321.shp,Col07,-1,-1;Col08 'جمعيت 9-5 ساله -كل' true true false 19 Double 0 0 ,First,#,F:\ABADI 90\321.shp,Col08,-1,-1;Col09 'جمعيت 14-10 ساله -كل' true true false 19 Double 0 0 ,First,#,F:\ABADI 90\321.shp,Col09,-1,-1;Col10 'جمعيت 19-15 ساله -كل' true true false 19 Double 0 0 ,First,#,F:\ABADI 90\321.shp,Col10,-1,-1;Col11 'جمعيت 24-20 ساله -كل' true true false 19 Double 0 0 ,First,#,F:\ABADI 90\321.shp,Col11,-1,-1;Col12 'جمعيت 29-25 ساله -كل' true true false 19 Double 0 0 ,First,#,F:\ABADI 90\321.shp,Col12,-1,-1;Col13 'جمعيت 34-30 ساله -كل' true true false 19 Double 0 0 ,First,#,F:\ABADI 90\321.shp,Col13,-1,-1;Col14 'جمعيت 39-35 ساله -كل' true true false 19 Double 0 0 ,First,#,F:\ABADI 90\321.shp,Col14,-1,-1;Col15 'جمعيت 44-40 ساله -كل' true true false 19 Double 0 0 ,First,#,F:\ABADI 90\321.shp,Col15,-1,-1;Col16 'جمعيت 49-45 ساله -كل' true true false 19 Double 0 0 ,First,#,F:\ABADI 90\321.shp,Col16,-1,-1;Col17 'جمعيت 54-50 ساله -كل' true true false 19 Double 0 0 ,First,#,F:\ABADI 90\321.shp,Col17,-1,-1;Col18 'جمعيت 59-55 ساله -كل' true true false 19 Double 0 0 ,First,#,F:\ABADI 90\321.shp,Col18,-1,-1;Col19 'جمعيت 64-60 ساله -كل' true true false 19 Double 0 0 ,First,#,F:\ABADI 90\321.shp,Col19,-1,-1;Col20 'جمعيت 65 ساله وبيشتر -كل' true true false 19 Double 0 0 ,First,#,F:\ABADI 90\321.shp,Col20,-1,-1;Col21 'جمعيت نامشخص 0-5 ساله -كل' true true false 19 Double 0 0 ,First,#,F:\ABADI 90\321.shp,Col21,-1,-1;Col22 'جمعيت نامشخص 6-9 ساله -كل' true true false 19 Double 0 0 ,First,#,F:\ABADI 90\321.shp,Col22,-1,-1;Col23 'جمعيت نامشخص 10 ساله وبیشتر -كل' true true false 19 Double 0 0 ,First,#,F:\ABADI 90\321.shp,Col23,-1,-1;Col24 'جمعيت 4-0 ساله -مرد' true true false 19 Double 0 0 ,First,#,F:\ABADI 90\321.shp,Col24,-1,-1;Col25 'جمعيت 9-5 ساله -مرد' true true false 19 Double 0 0 ,First,#,F:\ABADI 90\321.shp,Col25,-1,-1;Col26 'جمعيت 14-10 ساله -مرد' true true false 19 Double 0 0 ,First,#,F:\ABADI 90\321.shp,Col26,-1,-1;Col27 'جمعيت 19-15 ساله -مرد' true true false 19 Double 0 0 ,First,#,F:\ABADI 90\321.shp,Col27,-1,-1;Col28 'جمعيت 24-20 ساله -مرد' true true false 19 Double 0 0 ,First,#,F:\ABADI 90\321.shp,Col28,-1,-1;Col29 'جمعيت 29-25 ساله -مرد' true true false 19 Double 0 0 ,First,#,F:\ABADI 90\321.shp,Col29,-1,-1;Col30 'جمعيت 34-30 ساله -مرد' true true false 19 Double 0 0 ,First,#,F:\ABADI 90\321.shp,Col30,-1,-1;Col31 'جمعيت 39-35 ساله -مرد' true true false 19 Double 0 0 ,First,#,F:\ABADI 90\321.shp,Col31,-1,-1;Col32 'جمعيت 44-40 ساله -مرد' true true false 19 Double 0 0 ,First,#,F:\ABADI 90\321.shp,Col32,-1,-1;Col33 'جمعيت 49-45 ساله -مرد' true true false 19 Double 0 0 ,First,#,F:\ABADI 90\321.shp,Col33,-1,-1;Col34 'جمعيت 54-50 ساله -مرد' true true false 19 Double 0 0 ,First,#,F:\ABADI 90\321.shp,Col34,-1,-1;Col35 'جمعيت 59-55 ساله -مرد' true true false 19 Double 0 0 ,First,#,F:\ABADI 90\321.shp,Col35,-1,-1;Col36 'جمعيت 64-60 ساله -مرد' true true false 19 Double 0 0 ,First,#,F:\ABADI 90\321.shp,Col36,-1,-1;Col37 'جمعيت 65 ساله وبيشتر -مرد' true true false 19 Double 0 0 ,First,#,F:\ABADI 90\321.shp,Col37,-1,-1;Col38 'جمعيت نامشخص 0-5 ساله -مرد' true true false 19 Double 0 0 ,First,#,F:\ABADI 90\321.shp,Col38,-1,-1;Col39 'جمعيت نامشخص 6-9 ساله -مرد' true true false 19 Double 0 0 ,First,#,F:\ABADI 90\321.shp,Col39,-1,-1;Col40 'جمعيت نامشخص 10 ساله وبیشتر -مرد' true true false 19 Double 0 0 ,First,#,F:\ABADI 90\321.shp,Col40,-1,-1;Col41 'جمعيت 4-0 ساله -زن' true true false 19 Double 0 0 ,First,#,F:\ABADI 90\321.shp,Col41,-1,-1;Col42 'جمعيت 9-5 ساله -زن' true true false 19 Double 0 0 ,First,#,F:\ABADI 90\321.shp,Col42,-1,-1;Col43 'جمعيت 14-10 ساله -زن' true true false 19 Double 0 0 ,First,#,F:\ABADI 90\321.shp,Col43,-1,-1;Col44 'جمعيت 19-15 ساله -زن' true true false 19 Double 0 0 ,First,#,F:\ABADI 90\321.shp,Col44,-1,-1;Col45 'جمعيت 24-20 ساله -زن' true true false 19 Double 0 0 ,First,#,F:\ABADI 90\321.shp,Col45,-1,-1;Col46 'جمعيت 29-25ساله -زن' true true false 19 Double 0 0 ,First,#,F:\ABADI 90\321.shp,Col46,-1,-1;Col47 'جمعيت 34-30 ساله -زن' true true false 19 Double 0 0 ,First,#,F:\ABADI 90\321.shp,Col47,-1,-1;Col48 'جمعيت 39-35 ساله -زن' true true false 19 Double 0 0 ,First,#,F:\ABADI 90\321.shp,Col48,-1,-1;Col49 'جمعيت 44-40 ساله -زن' true true false 19 Double 0 0 ,First,#,F:\ABADI 90\321.shp,Col49,-1,-1;Col50 'جمعيت 49-45 ساله -زن' true true false 19 Double 0 0 ,First,#,F:\ABADI 90\321.shp,Col50,-1,-1;Col51 'جمعيت 54-50 ساله -زن' true true false 19 Double 0 0 ,First,#,F:\ABADI 90\321.shp,Col51,-1,-1;Col52 'جمعيت 59-55 ساله -زن' true true false 19 Double 0 0 ,First,#,F:\ABADI 90\321.shp,Col52,-1,-1;Col53 'جمعيت 64-60 ساله -زن' true true false 19 Double 0 0 ,First,#,F:\ABADI 90\321.shp,Col53,-1,-1;Col54 'جمعيت 65 ساله وبيشتر -زن' true true false 19 Double 0 0 ,First,#,F:\ABADI 90\321.shp,Col54,-1,-1;Col55 'جمعيت نامشخص 0-5 ساله -زن' true true false 19 Double 0 0 ,First,#,F:\ABADI 90\321.shp,Col55,-1,-1;Col56 'جمعيت نامشخص 6-9 ساله -زن' true true false 19 Double 0 0 ,First,#,F:\ABADI 90\321.shp,Col56,-1,-1;Col57 'جمعيت نامشخص 10 ساله وبیشتر -زن' true true false 19 Double 0 0 ,First,#,F:\ABADI 90\321.shp,Col57,-1,-1;family_cou 'تعداد خانوار' true true false 19 Double 0 0 ,First,#,F:\ABADI 90\321.shp,family_cou,-1,-1;col01_1 'تعدادخانوار' true true false 19 Double 0 0 ,First,#,F:\ABADI 90\321.shp,col01_1,-1,-1;col02_1 'نوع خانوار-معمولي ساكن' true true false 19 Double 0 0 ,First,#,F:\ABADI 90\321.shp,col02_1,-1,-1;col03_1 'نوع خانوار-معمولي غير ساكن' true true false 19 Double 0 0 ,First,#,F:\ABADI 90\321.shp,col03_1,-1,-1;col04_1 'نوع خانوار-معمولي غير ساكن' true true false 19 Double 0 0 ,First,#,F:\ABADI 90\321.shp,col04_1,-1,-1;col05_1 'نوع خانوار-موسسه ای' true true false 19 Double 0 0 ,First,#,F:\ABADI 90\321.shp,col05_1,-1,-1;col127 'تعداد واحدهاي مسكوني معمولي برحسب نوع اسكلت بنا- اسکلت فلزي' true true false 19 Double 0 0 ,First,#,F:\ABADI 90\321.shp,col127,-1,-1;col128 'تعداد واحدهاي مسكوني معمولي برحسب نوع اسكلت بنا- بتن آرمه' true true false 19 Double 0 0 ,First,#,F:\ABADI 90\321.shp,col128,-1,-1;col129 'تعداد واحدهاي مسكوني معمولي برحسب نوع اسكلت بنا-سایر' true true false 19 Double 0 0 ,First,#,F:\ABADI 90\321.shp,col129,-1,-1;col130 'تعداد واحدهاي مسكوني معمولي برحسب نوع اسكلت بنا ساير و مصالح عمده بكار رفته -آجر و آهن يا سنگ و آهن' true true false 19 Double 0 0 ,First,#,F:\ABADI 90\321.shp,col130,-1,-1;col131 'تعداد واحدهاي مسكوني معمولي برحسب نوع اسكلت بنا ساير و مصالح عمده بكار رفته -آجر و چوب يا سنگ و چوب' true true false 19 Double 0 0 ,First,#,F:\ABADI 90\321.shp,col131,-1,-1;col132 'تعداد واحدهاي مسكوني معمولي برحسب نوع اسكلت بنا ساير و مصالح عمده بكار رفته -بلوك سيمانى ( با هر نوع سقف' true true false 19 Double 0 0 ,First,#,F:\ABADI 90\321.shp,col132,-1,-1;col133 'تعداد واحدهاي مسكوني معمولي برحسب نوع اسكلت بنا ساير و مصالح عمده بكار رفته -تمام آجر يا سنگ و آجر' true true false 19 Double 0 0 ,First,#,F:\ABADI 90\321.shp,col133,-1,-1;col134 'تعداد واحدهاي مسكوني معمولي برحسب نوع اسكلت بنا ساير و مصالح عمده بكار رفته -تمام چوب' true true false 19 Double 0 0 ,First,#,F:\ABADI 90\321.shp,col134,-1,-1;col135 'تعداد واحدهاي مسكوني معمولي برحسب نوع اسكلت بنا ساير و مصالح عمده بكار رفته -خشت و چوب' true true false 19 Double 0 0 ,First,#,F:\ABADI 90\321.shp,col135,-1,-1;col136 ' تعدادواحدهاي مسكوني معمولي برحسب نوع اسكلت بنا ساير و مصالح عمده بكار رفته -خشت و گل' true true false 19 Double 0 0 ,First,#,F:\ABADI 90\321.shp,col136,-1,-1;col137 'تعداد واحدهاي مسكوني معمولي برحسب نوع اسكلت بنا ساير و مصالح عمده بكار رفته -ساير' true true false 19 Double 0 0 ,First,#,F:\ABADI 90\321.shp,col137,-1,-1;col138 'تعداد واحدهاي مسكوني معمولي برحسب نوع اسكلت بنا ساير و مصالح عمده بكار رفته - اظهارنشده' true true false 19 Double 0 0 ,First,#,F:\ABADI 90\321.shp,col138,-1,-1;col139 'تعداد واحدهاي مسكوني معمولي سال اتمام بنا -1390' true true false 19 Double 0 0 ,First,#,F:\ABADI 90\321.shp,col139,-1,-1;col140 'تعداد واحدهاي مسكوني معمولي سال اتمام بنا -1389' true true false 19 Double 0 0 ,First,#,F:\ABADI 90\321.shp,col140,-1,-1;col141 'تعداد واحدهاي مسكوني معمولي سال اتمام بنا -1388' true true false 19 Double 0 0 ,First,#,F:\ABADI 90\321.shp,col141,-1,-1;col142 'تعداد واحدهاي مسكوني معمولي سال اتمام بنا -1387' true true false 19 Double 0 0 ,First,#,F:\ABADI 90\321.shp,col142,-1,-1;col143 'تعداد واحدهاي مسكوني معمولي سال اتمام بنا -1386' true true false 19 Double 0 0 ,First,#,F:\ABADI 90\321.shp,col143,-1,-1;col144 'تعداد واحدهاي مسكوني معمولي سال اتمام بنا -1385' true true false 19 Double 0 0 ,First,#,F:\ABADI 90\321.shp,col144,-1,-1;col145 'تعداد واحدهاي مسكوني معمولي سال اتمام بنا -1375 تا 1384' true true false 19 Double 0 0 ,First,#,F:\ABADI 90\321.shp,col145,-1,-1;col146 'تعداد واحدهاي مسكوني معمولي سال اتمام بنا -1365تا 1374' true true false 19 Double 0 0 ,First,#,F:\ABADI 90\321.shp,col146,-1,-1;col147 'تعداد واحدهاي مسكوني معمولي سال اتمام بنا -1355 تا 1364' true true false 19 Double 0 0 ,First,#,F:\ABADI 90\321.shp,col147,-1,-1;col148 'تعداد واحدهاي مسكوني معمولي سال اتمام بنا -1345 تا 1354' true true false 19 Double 0 0 ,First,#,F:\ABADI 90\321.shp,col148,-1,-1;col149 'تعداد واحدهاي مسكوني معمولي سال اتمام بنا - قبل از 1345' true true false 19 Double 0 0 ,First,#,F:\ABADI 90\321.shp,col149,-1,-1;col150 'تعداد واحدهاي مسكوني معمولي سال اتمام بنا -اظهارنشده' true true false 19 Double 0 0 ,First,#,F:\ABADI 90\321.shp,col150,-1,-1;col151 'تعداد واحدهاي مسكوني معمولي داراي توالت محل دفع فاضلاب توالت-شبكه عمومى  فاضلاب' true true false 19 Double 0 0 ,First,#,F:\ABADI 90\321.shp,col151,-1,-1;col152 'تعداد واحدهاي مسكوني معمولي محل دفع فاضلاب توالت-شبكه اختصاصى' true true false 19 Double 0 0 ,First,#,F:\ABADI 90\321.shp,col152,-1,-1;col153 'تعداد واحدهاي مسكوني معمولي محل دفع فاضلاب توالت-چاه جذبى' true true false 19 Double 0 0 ,First,#,F:\ABADI 90\321.shp,col153,-1,-1;col154 'تعداد واحدهاي مسكوني معمولي محل دفع فاضلاب توالت-مخزن ويژه فاضلاب' true true false 19 Double 0 0 ,First,#,F:\ABADI 90\321.shp,col154,-1,-1;col155 'تعداد واحدهاي مسكوني معمولي محل دفع فاضلاب توالت- محيط اطراف' true true false 19 Double 0 0 ,First,#,F:\ABADI 90\321.shp,col155,-1,-1;col156 'تعداد واحدهاي مسكوني معمولي محل دفع فاضلاب توالت-ساير' true true false 19 Double 0 0 ,First,#,F:\ABADI 90\321.shp,col156,-1,-1;col157 'تعداد واحدهاي مسكوني معمولي محل دفع فاضلاب توالت-اظهارنشده' true true false 19 Double 0 0 ,First,#,F:\ABADI 90\321.shp,col157,-1,-1;col158 'تعداد واحدهاي مسكوني معمولي فاقد توالت' true true false 19 Double 0 0 ,First,#,F:\ABADI 90\321.shp,col158,-1,-1;col159 'تعداد واحدهاي مسكوني معمولي محل دفع پساب آشپزخانه-شبكه عمومى  فاضلاب' true true false 19 Double 0 0 ,First,#,F:\ABADI 90\321.shp,col159,-1,-1;col160 'تعداد واحدهاي مسكوني معمولي محل دفع پساب آشپزخانه -شبكه اختصاصى' true true false 19 Double 0 0 ,First,#,F:\ABADI 90\321.shp,col160,-1,-1;col161 'تعداد واحدهاي مسكوني معمولي محل دفع پساب آشپزخانه -چاه جذبى' true true false 19 Double 0 0 ,First,#,F:\ABADI 90\321.shp,col161,-1,-1;col162 'تعداد واحدهاي مسكوني معمولي محل دفع پساب آشپزخانه-مخزن ويژه فاضلاب' true true false 19 Double 0 0 ,First,#,F:\ABADI 90\321.shp,col162,-1,-1;col163 'تعداد واحدهاي مسكوني معمولي محل دفع پساب آشپزخانه-محيط اطراف' true true false 19 Double 0 0 ,First,#,F:\ABADI 90\321.shp,col163,-1,-1;col164 'تعداد واحدهاي مسكوني معمولي محل دفع پساب آشپزخانه-ساير' true true false 19 Double 0 0 ,First,#,F:\ABADI 90\321.shp,col164,-1,-1;col165 'تعداد واحدهاي مسكوني معمولي محل دفع پساب آشپزخانه-اظهارنشده' true true false 19 Double 0 0 ,First,#,F:\ABADI 90\321.shp,col165,-1,-1;col166 'تعداد واحدهاي مسكوني معمولي فاقد آشپزخانه' true true false 19 Double 0 0 ,First,#,F:\ABADI 90\321.shp,col166,-1,-1;col167 'تعداد واحدهاي مسكوني معمولي محل دفع ساير پساب‌ها -شبكه عمومى  فاضلاب' true true false 19 Double 0 0 ,First,#,F:\ABADI 90\321.shp,col167,-1,-1;col168 'تعداد واحدهاي مسكوني معمولي محل دفع ساير پساب‌ها -شبكه اختصاصى' true true false 19 Double 0 0 ,First,#,F:\ABADI 90\321.shp,col168,-1,-1;col169 'تعداد واحدهاي مسكوني معمولي محل دفع ساير پساب‌ها -چاه جذبى' true true false 19 Double 0 0 ,First,#,F:\ABADI 90\321.shp,col169,-1,-1;col170 'تعداد واحدهاي مسكوني معمولي محل دفع ساير پساب‌ها -مخزن ويژه فاضلاب' true true false 19 Double 0 0 ,First,#,F:\ABADI 90\321.shp,col170,-1,-1;col171 'تعداد واحدهاي مسكوني معمولي محل دفع ساير پساب‌ها -محيط اطراف' true true false 19 Double 0 0 ,First,#,F:\ABADI 90\321.shp,col171,-1,-1;col172 'تعداد واحدهاي مسكوني معمولي محل دفع ساير پساب‌ها -ساير' true true false 19 Double 0 0 ,First,#,F:\ABADI 90\321.shp,col172,-1,-1;col173 'تعداد واحدهاي مسكوني معمولي محل دفع ساير پساب‌ها -اظهارنشده' true true false 19 Double 0 0 ,First,#,F:\ABADI 90\321.shp,col173,-1,-1;Ostan_1 'استان' true true false 254 Text 0 0 ,First,#,F:\ABADI 90\321.shp,Ostan_1,-1,-1;Shahrest_1 'شهرستان' true true false 254 Text 0 0 ,First,#,F:\ABADI 90\321.shp,Shahrest_1,-1,-1;Bakhsh_1 'بخش' true true false 254 Text 0 0 ,First,#,F:\ABADI 90\321.shp,Bakhsh_1,-1,-1;ShrDeh_1 'دهستان' true true false 254 Text 0 0 ,First,#,F:\ABADI 90\321.shp,ShrDeh_1,-1,-1;Hozeh 'حوزه' true true false 254 Text 0 0 ,First,#,F:\ABADI 90\321.shp,Hozeh,-1,-1;BlkAbd 'کد آبادی' true true false 254 Text 0 0 ,First,#,F:\ABADI 90\321.shp,BlkAbd,-1,-1;col01_12 'وضع طبيعي آبادي    دشتی' true true false 19 Double 0 0 ,First,#,F:\ABADI 90\321.shp,col01_12,-1,-1;col02_12 'وضع طبيعي آبادي   جنگلی واقع دردشت' true true false 19 Double 0 0 ,First,#,F:\ABADI 90\321.shp,col02_12,-1,-1;col03_12 'وضع طبيعي آبادي   کوهستانی ، دره ای یا تپه ای' true true false 19 Double 0 0 ,First,#,F:\ABADI 90\321.shp,col03_12,-1,-1;col04_12 'وضع طبيعي آبادي    جنگلی واقع درکوهستان یا تپه' true true false 19 Double 0 0 ,First,#,F:\ABADI 90\321.shp,col04_12,-1,-1;col05_12 'راه زميني    جاده آسفالته' true true false 19 Double 0 0 ,First,#,F:\ABADI 90\321.shp,col05_12,-1,-1;col06_1 'راه زميني    جاده شوسه' true true false 19 Double 0 0 ,First,#,F:\ABADI 90\321.shp,col06_1,-1,-1;col09_1 'راه اهن(ايستگاه' true true false 19 Double 0 0 ,First,#,F:\ABADI 90\321.shp,col09_1,-1,-1;col11_1 'وضع آبادي از لحاظ سكونت داراي سكنه دايمي' true true false 19 Double 0 0 ,First,#,F:\ABADI 90\321.shp,col11_1,-1,-1;col12_1 'وضع  آبادي از لحاظ سكونت داراي سكنه موسمي' true true false 19 Double 0 0 ,First,#,F:\ABADI 90\321.shp,col12_1,-1,-1;col13_1 'وضع آبادي از لحاظ سكونت خالي از سكنه دايمي' true true false 19 Double 0 0 ,First,#,F:\ABADI 90\321.shp,col13_1,-1,-1;col14_1 'وضع آبادي از لحاظ سكونت خالي از سكنه موسمي' true true false 19 Double 0 0 ,First,#,F:\ABADI 90\321.shp,col14_1,-1,-1;col15_1 'طرح هادي اجرا شده' true true false 19 Double 0 0 ,First,#,F:\ABADI 90\321.shp,col15_1,-1,-1;col16_1 'طرح هادي ندارد' true true false 19 Double 0 0 ,First,#,F:\ABADI 90\321.shp,col16_1,-1,-1;col17_1 'طرح هادي درحال اجرا' true true false 19 Double 0 0 ,First,#,F:\ABADI 90\321.shp,col17_1,-1,-1;col18_1 'محل خرید مایحتاج ساکنان آبادی  از همین آبادی' true true false 19 Double 0 0 ,First,#,F:\ABADI 90\321.shp,col18_1,-1,-1;col19_1 'محل خرید مایحتاج ساکنان آبادی  از آبادی دیگر' true true false 19 Double 0 0 ,First,#,F:\ABADI 90\321.shp,col19_1,-1,-1;col20_1 'محل خرید مایحتاج ساکنان آبادی  از شهر' true true false 19 Double 0 0 ,First,#,F:\ABADI 90\321.shp,col20_1,-1,-1;col21_1 'روستا مهد' true true false 19 Double 0 0 ,First,#,F:\ABADI 90\321.shp,col21_1,-1,-1;col23_1 'مدرسه راهنمايي شبانه روزي پسرانه' true true false 19 Double 0 0 ,First,#,F:\ABADI 90\321.shp,col23_1,-1,-1;col24_1 'مدرسه راهنمايي شبانه روزي دخترانه' true true false 19 Double 0 0 ,First,#,F:\ABADI 90\321.shp,col24_1,-1,-1;col28_1 'دبيرستان شبانه روزي پسرانه' true true false 19 Double 0 0 ,First,#,F:\ABADI 90\321.shp,col28_1,-1,-1;col29_1 'دبيرستان شبانه روزي دخترانه' true true false 19 Double 0 0 ,First,#,F:\ABADI 90\321.shp,col29_1,-1,-1;col30_1 'دبيرستان نظري پسرانه' true true false 19 Double 0 0 ,First,#,F:\ABADI 90\321.shp,col30_1,-1,-1;col31_1 'دبيرستان نظري دخترانه' true true false 19 Double 0 0 ,First,#,F:\ABADI 90\321.shp,col31_1,-1,-1;col32_1 'دبيرستان كاردانش پسرانه' true true false 19 Double 0 0 ,First,#,F:\ABADI 90\321.shp,col32_1,-1,-1;col33_1 'دبيرستان كاردانش دخترانه' true true false 19 Double 0 0 ,First,#,F:\ABADI 90\321.shp,col33_1,-1,-1;col34_1 'هنرستان فني و حرفه اي پسرانه' true true false 19 Double 0 0 ,First,#,F:\ABADI 90\321.shp,col34_1,-1,-1;col35_1 'هنرستان فني و حرفه اي دخترانه' true true false 19 Double 0 0 ,First,#,F:\ABADI 90\321.shp,col35_1,-1,-1;col36_1 'بوستان روستايي' true true false 19 Double 0 0 ,First,#,F:\ABADI 90\321.shp,col36_1,-1,-1;col38_1 'مكان ورزشي   زمین ورزشی' true true false 19 Double 0 0 ,First,#,F:\ABADI 90\321.shp,col38_1,-1,-1;col39_1 'مکان ورزشی  سالن ورزشی' true true false 19 Double 0 0 ,First,#,F:\ABADI 90\321.shp,col39_1,-1,-1;col44_1 'مدرسه علميه' true true false 19 Double 0 0 ,First,#,F:\ABADI 90\321.shp,col44_1,-1,-1;col45_1 'امام جماعت راتب' true true false 19 Double 0 0 ,First,#,F:\ABADI 90\321.shp,col45_1,-1,-1;col46_1 'خانه عالم' true true false 19 Double 0 0 ,First,#,F:\ABADI 90\321.shp,col46_1,-1,-1;col48_1 'دهيار' true true false 19 Double 0 0 ,First,#,F:\ABADI 90\321.shp,col48_1,-1,-1;col49_1 'پاسگاه نيروي انتظامي' true true false 19 Double 0 0 ,First,#,F:\ABADI 90\321.shp,col49_1,-1,-1;col51_1 'مروج كشاورزي' true true false 19 Double 0 0 ,First,#,F:\ABADI 90\321.shp,col51_1,-1,-1;col52_1 'شوراي حل اختلاف' true true false 19 Double 0 0 ,First,#,F:\ABADI 90\321.shp,col52_1,-1,-1;col54_1 'برق شبکه سراسری' true true false 19 Double 0 0 ,First,#,F:\ABADI 90\321.shp,col54_1,-1,-1;col55_1 'برق موتور دیزلی' true true false 19 Double 0 0 ,First,#,F:\ABADI 90\321.shp,col55_1,-1,-1;col58 'سامانه تصفيه آب' true true false 19 Double 0 0 ,First,#,F:\ABADI 90\321.shp,col58,-1,-1;col63 'پايگاه بهداشت روستايي' true true false 19 Double 0 0 ,First,#,F:\ABADI 90\321.shp,col63,-1,-1;col65 'پزشك خانواده' true true false 19 Double 0 0 ,First,#,F:\ABADI 90\321.shp,col65,-1,-1;col68 'دندانپزشك يا بهداشت كار دهان ودندان' true true false 19 Double 0 0 ,First,#,F:\ABADI 90\321.shp,col68,-1,-1;col74 'آزمايشگاه وراديولوژي' true true false 19 Double 0 0 ,First,#,F:\ABADI 90\321.shp,col74,-1,-1;col75 'غسالخانه' true true false 19 Double 0 0 ,First,#,F:\ABADI 90\321.shp,col75,-1,-1;col76 'سامانه جمع آوري زباله' true true false 19 Double 0 0 ,First,#,F:\ABADI 90\321.shp,col76,-1,-1;col77 'پايگاه آتش نشاني' true true false 19 Double 0 0 ,First,#,F:\ABADI 90\321.shp,col77,-1,-1;col78 'نمايندگي پخش نفت سفيد' true true false 19 Double 0 0 ,First,#,F:\ABADI 90\321.shp,col78,-1,-1;col79 'نمايندگي پخش سيلند گاز' true true false 19 Double 0 0 ,First,#,F:\ABADI 90\321.shp,col79,-1,-1;col87 'تعميرگاه ماشين آلات غير كشاورزي' true true false 19 Double 0 0 ,First,#,F:\ABADI 90\321.shp,col87,-1,-1;col88 'جايگاه سوخت' true true false 19 Double 0 0 ,First,#,F:\ABADI 90\321.shp,col88,-1,-1;col92 'دفتر فناوري اطلاعات وارتباطات (ICT) روستايي' true true false 19 Double 0 0 ,First,#,F:\ABADI 90\321.shp,col92,-1,-1;col96 'دسترسي به ايستگاه راه آهن' true true false 19 Double 0 0 ,First,#,F:\ABADI 90\321.shp,col96,-1,-1;Population 'جمعيت' true true false 19 Double 0 0 ,First,#,F:\ABADI 90\321.shp,Population,-1,-1;F63 'جمعيت' true true false 19 Double 0 0 ,First,#,F:\ABADI 90\321.shp,F63,-1,-1;F64 'مرد' true true false 19 Double 0 0 ,First,#,F:\ABADI 90\321.shp,F64,-1,-1;F65 'زن' true true false 19 Double 0 0 ,First,#,F:\ABADI 90\321.shp,F65,-1,-1;F26 'امامزاده' true true false 19 Double 0 0 ,First,#,F:\ABADI 90\321.shp,F26,-1,-1;F60 'بانك' true true false 19 Double 0 0 ,First,#,F:\ABADI 90\321.shp,F60,-1,-1;F56 'بقالي' true true false 19 Double 0 0 ,First,#,F:\ABADI 90\321.shp,F56,-1,-1;F46 'بهورز' true true false 19 Double 0 0 ,First,#,F:\ABADI 90\321.shp,F46,-1,-1;F44 'بهيار يا ماماي روستايي' true true false 19 Double 0 0 ,First,#,F:\ABADI 90\321.shp,F44,-1,-1;F41 'پزشك' true true false 19 Double 0 0 ,First,#,F:\ABADI 90\321.shp,F41,-1,-1;F61 'تعميرگاه ماشين آلات كشاورزي' true true false 19 Double 0 0 ,First,#,F:\ABADI 90\321.shp,F61,-1,-1;F48 'تكنيسين دامپزشكي' true true false 19 Double 0 0 ,First,#,F:\ABADI 90\321.shp,F48,-1,-1;F36 'حمام عمومي' true true false 19 Double 0 0 ,First,#,F:\ABADI 90\321.shp,F36,-1,-1;F62 'خانوار' true true false 19 Double 0 0 ,First,#,F:\ABADI 90\321.shp,F62,-1,-1;F39 'خانه بهداشت' true true false 19 Double 0 0 ,First,#,F:\ABADI 90\321.shp,F39,-1,-1;F38 'داروخانه' true true false 19 Double 0 0 ,First,#,F:\ABADI 90\321.shp,F38,-1,-1;F47 'دامپزشك' true true false 19 Double 0 0 ,First,#,F:\ABADI 90\321.shp,F47,-1,-1;F17 'دبستان' true true false 19 Double 0 0 ,First,#,F:\ABADI 90\321.shp,F17,-1,-1;F54 'دسترسي به روزنامه و مجله' true true false 19 Double 0 0 ,First,#,F:\ABADI 90\321.shp,F54,-1,-1;F53 'دسترسي به وسيله نقليه عمومي' true true false 19 Double 0 0 ,First,#,F:\ABADI 90\321.shp,F53,-1,-1;F52 'دسترسي عمومي به اينترنت' true true false 19 Double 0 0 ,First,#,F:\ABADI 90\321.shp,F52,-1,-1;F50 'دفتر پست' true true false 19 Double 0 0 ,First,#,F:\ABADI 90\321.shp,F50,-1,-1;F51 'دفتر مخابرات' true true false 19 Double 0 0 ,First,#,F:\ABADI 90\321.shp,F51,-1,-1;F42 'دندانپزشك' true true false 19 Double 0 0 ,First,#,F:\ABADI 90\321.shp,F42,-1,-1;F43 'دندانپزشك تجربي يا دندانساز' true true false 19 Double 0 0 ,First,#,F:\ABADI 90\321.shp,F43,-1,-1;F12 'راه آبي' true true false 19 Double 0 0 ,First,#,F:\ABADI 90\321.shp,F12,-1,-1;F09 'راه زميني    جاده خاكي' true true false 19 Double 0 0 ,First,#,F:\ABADI 90\321.shp,F09,-1,-1;F10 'راه زميني    مالرو' true true false 19 Double 0 0 ,First,#,F:\ABADI 90\321.shp,F10,-1,-1;F18 'راهنمايي پسرانه' true true false 19 Double 0 0 ,First,#,F:\ABADI 90\321.shp,F18,-1,-1;F19 'راهنمايي دخترانه' true true false 19 Double 0 0 ,First,#,F:\ABADI 90\321.shp,F19,-1,-1;F20 'راهنمايي مختلط' true true false 19 Double 0 0 ,First,#,F:\ABADI 90\321.shp,F20,-1,-1;F27 'ساير اماكن مذهبي مسلمانان' true true false 19 Double 0 0 ,First,#,F:\ABADI 90\321.shp,F27,-1,-1;F31 'شركت تعاوني روستا' true true false 19 Double 0 0 ,First,#,F:\ABADI 90\321.shp,F31,-1,-1;F29 'شوراي اسلامي روستا' true true false 19 Double 0 0 ,First,#,F:\ABADI 90\321.shp,F29,-1,-1;F49 'صندوق پست' true true false 19 Double 0 0 ,First,#,F:\ABADI 90\321.shp,F49,-1,-1;F55 'فروشگاه تعاوني' true true false 19 Double 0 0 ,First,#,F:\ABADI 90\321.shp,F55,-1,-1;F59 'قهوه‌خانه' true true false 19 Double 0 0 ,First,#,F:\ABADI 90\321.shp,F59,-1,-1;F23 'كتابخانه عمومي' true true false 19 Double 0 0 ,First,#,F:\ABADI 90\321.shp,F23,-1,-1;F33 'گاز لوله كش' true true false 19 Double 0 0 ,First,#,F:\ABADI 90\321.shp,F33,-1,-1;F37 'مركز بهداشتي درماني' true true false 19 Double 0 0 ,First,#,F:\ABADI 90\321.shp,F37,-1,-1;F40 'مركز تسهيلات زايماني' true true false 19 Double 0 0 ,First,#,F:\ABADI 90\321.shp,F40,-1,-1;F30 'مركز خدمات جهاد كشاورزي' true true false 19 Double 0 0 ,First,#,F:\ABADI 90\321.shp,F30,-1,-1;F25 'مسجد' true true false 19 Double 0 0 ,First,#,F:\ABADI 90\321.shp,F25,-1,-1;F57 'نانوايي' true true false 19 Double 0 0 ,First,#,F:\ABADI 90\321.shp,F57,-1,-1;F58 'گوشت فروشي' true true false 19 Double 0 0 ,First,#,F:\ABADI 90\321.shp,F58,-1,-1;F34 'آب لوله كشي' true true false 19 Double 0 0 ,First,#,F:\ABADI 90\321.shp,F34,-1,-1;F28 'اماكن مذهبي ساير اديان' true true false 19 Double 0 0 ,First,#,F:\ABADI 90\321.shp,F28,-1,-1" # "F:\ABADI 90\New File Geodatabase.gdb\ALIAS"</Process><Process ToolSource="C:\Program Files\ArcGIS\ArcToolbox\Toolboxes\Data Management Tools.tbx\CopyFeatures" Date="20141219" Time="202059">CopyFeatures "E:\Tasks_New\JahanNaghshePardaz\NewData\93-09-25\Final\Final\1 مقایسه شهر ها و آبادی ها\abadi 90\New File Geodatabase.gdb\ALIAS" E:\Tasks_New\JahanNaghshePardaz\Program\IranStatCentre\IranCensus\IranCensus\bin\Debug\ParsSys\Files\TempLyr.gdb\IranOverView\ALIAS # 0 0 0</Process><Process Name="Feature Class to Feature Class" ToolSource="c:\program files (x86)\arcgis\desktop10.3\ArcToolbox\Toolboxes\Conversion Tools.tbx\FeatureClassToFeatureClass" Date="20170430" Time="125428">FeatureClassToFeatureClass Iran90_Layer "C:\Users\Siamak\Desktop\New File Geodatabase.gdb" Abadi90_24 # "Abadi_Code "آبادی کد" true true false 6 Text 0 0 ,First,#,Iran90_Layer,Abadi_Code,-1,-1;F5 "آدرس آماري" true true false 254 Text 0 0 ,First,#,Iran90_Layer,F5,-1,-1;ostan "نام استان" true true false 254 Text 0 0 ,First,#,Iran90_Layer,ostan,-1,-1;shahrestan "نام شهرستان" true true false 254 Text 0 0 ,First,#,Iran90_Layer,shahrestan,-1,-1;bakhsh "نا م بخش" true true false 254 Text 0 0 ,First,#,Iran90_Layer,bakhsh,-1,-1;shrdeh "شهر - ده" true true false 254 Text 0 0 ,First,#,Iran90_Layer,shrdeh,-1,-1;Abadi "آبادی" true true false 254 Text 0 0 ,First,#,Iran90_Layer,Abadi,-1,-1;Population "جمعيت" true true false 8 Double 0 0 ,First,#,Iran90_Layer,Population,-1,-1;F63 "جمعيت" true true false 8 Double 0 0 ,First,#,Iran90_Layer,F63,-1,-1;F64 "مرد" true true false 8 Double 0 0 ,First,#,Iran90_Layer,F64,-1,-1;F65 "زن" true true false 8 Double 0 0 ,First,#,Iran90_Layer,F65,-1,-1" #</Process><Process ToolSource="c:\program files (x86)\arcgis\desktop10.3\ArcToolbox\Toolboxes\Data Management Tools.tbx\CopyFeatures" Date="20170430" Time="125429">CopyFeatures "C:\Users\Siamak\Desktop\New File Geodatabase.gdb\Abadi90_24" "C:\Users\Siamak\Desktop\New Folder (3)\Abadi90_24.shp" # 0 0 0</Process></lineage><itemProps><itemLocation><linkage Sync="TRUE">file://\\SB-N501VW\C$\Users\Siamak\Desktop\New Folder (3)\Abadi90_24.shp</linkage><protocol Sync="TRUE">Local Area Network</protocol></itemLocation><itemName Sync="TRUE">Abadi90_24</itemName><imsContentType Sync="TRUE">002</imsContentType><itemSize Sync="TRUE">0.000</itemSize></itemProps><coordRef><type Sync="TRUE">Projected</type><geogcsn Sync="TRUE">GCS_WGS_1984</geogcsn><csUnits Sync="TRUE">Linear Unit: Meter (1.000000)</csUnits><projcsn Sync="TRUE">Lambert of IRAN</projcsn><peXml Sync="TRUE">&lt;ProjectedCoordinateSystem xsi:type='typens:ProjectedCoordinateSystem' xmlns:xsi='http://www.w3.org/2001/XMLSchema-instance' xmlns:xs='http://www.w3.org/2001/XMLSchema' xmlns:typens='http://www.esri.com/schemas/ArcGIS/10.3'&gt;&lt;WKT&gt;PROJCS[&amp;quot;Lambert of IRAN&amp;quot;,GEOGCS[&amp;quot;GCS_WGS_1984&amp;quot;,DATUM[&amp;quot;D_WGS_1984&amp;quot;,SPHEROID[&amp;quot;WGS_1984&amp;quot;,6378137.0,298.257223563]],PRIMEM[&amp;quot;Greenwich&amp;quot;,0.0],UNIT[&amp;quot;Degree&amp;quot;,0.0174532925199433]],PROJECTION[&amp;quot;Lambert_Conformal_Conic&amp;quot;],PARAMETER[&amp;quot;False_Easting&amp;quot;,0.0],PARAMETER[&amp;quot;False_Northing&amp;quot;,0.0],PARAMETER[&amp;quot;Central_Meridian&amp;quot;,54.0],PARAMETER[&amp;quot;Standard_Parallel_1&amp;quot;,30.0],PARAMETER[&amp;quot;Standard_Parallel_2&amp;quot;,36.0],PARAMETER[&amp;quot;Latitude_Of_Origin&amp;quot;,24.0],UNIT[&amp;quot;Meter&amp;quot;,1.0]]&lt;/WKT&gt;&lt;XOrigin&gt;-38185000&lt;/XOrigin&gt;&lt;YOrigin&gt;-27371600&lt;/YOrigin&gt;&lt;XYScale&gt;117941590.34622221&lt;/XYScale&gt;&lt;ZOrigin&gt;-100000&lt;/ZOrigin&gt;&lt;ZScale&gt;10000&lt;/ZScale&gt;&lt;MOrigin&gt;-100000&lt;/MOrigin&gt;&lt;MScale&gt;10000&lt;/MScale&gt;&lt;XYTolerance&gt;0.001&lt;/XYTolerance&gt;&lt;ZTolerance&gt;0.001&lt;/ZTolerance&gt;&lt;MTolerance&gt;0.001&lt;/MTolerance&gt;&lt;HighPrecision&gt;true&lt;/HighPrecision&gt;&lt;/ProjectedCoordinateSystem&gt;</peXml></coordRef></DataProperties><SyncDate>20170430</SyncDate><SyncTime>12542800</SyncTime><ModDate>20170430</ModDate><ModTime>12542800</ModTime><ArcGISFormat>1.0</ArcGISFormat></Esri><idinfo><native Sync="TRUE">Microsoft Windows Vista Version 6.1 (Build 7600) ; ESRI ArcCatalog 9.3.0.1770</native><descript><langdata Sync="TRUE">fa</langdata><abstract>REQUIRED: A brief narrative summary of the data set.</abstract><purpose>REQUIRED: A summary of the intentions with which the data set was developed.</purpose></descript><citation><citeinfo><origin>REQUIRED: The name of an organization or individual that developed the data set.</origin><pubdate>REQUIRED: The date when the data set is published or otherwise made available for release.</pubdate><title Sync="TRUE">ALIAS</title><ftname Sync="TRUE">ALIAS</ftname><geoform Sync="TRUE">vector digital data</geoform><onlink Sync="TRUE">\\NAVID-PC\E$\Tasks_New\JahanNaghshePardaz\Program\IranStatCentre\IranCensus\IranCensus\bin\Debug\ParsSys\Files\TempLyr.gdb</onlink></citeinfo></citation><timeperd><current>REQUIRED: The basis on which the time period of content information is determined.</current><timeinfo><sngdate><caldate>REQUIRED: The year (and optionally month, or month and day) for which the data set corresponds to the ground.</caldate></sngdate></timeinfo></timeperd><status><progress>REQUIRED: The state of the data set.</progress><update>REQUIRED: The frequency with which changes and additions are made to the data set after the initial data set is completed.</update></status><spdom><bounding><westbc Sync="TRUE">44.006499</westbc><eastbc Sync="TRUE">64.697445</eastbc><northbc Sync="TRUE">40.098987</northbc><southbc Sync="TRUE">24.963247</southbc></bounding><lboundng><leftbc Sync="TRUE">-860281.003500</leftbc><rightbc Sync="TRUE">921285.637500</rightbc><bottombc Sync="TRUE">147415.481900</bottombc><topbc Sync="TRUE">1788858.677500</topbc></lboundng></spdom><keywords><theme><themekt>REQUIRED: Reference to a formally registered thesaurus or a similar authoritative source of theme keywords.</themekt><themekey>REQUIRED: Common-use word or phrase used to describe the subject of the data set.</themekey></theme></keywords><accconst>REQUIRED: Restrictions and legal prerequisites for accessing the data set.</accconst><useconst>REQUIRED: Restrictions and legal prerequisites for using the data set after access is granted.</useconst><natvform Sync="TRUE">File Geodatabase Feature Class</natvform></idinfo><dataIdInfo><envirDesc Sync="TRUE"> Version 6.2 (Build 9200) ; Esri ArcGIS 10.3.0.4322</envirDesc><dataLang><languageCode Sync="TRUE" value="eng"></languageCode><countryCode value="USA" Sync="TRUE"></countryCode></dataLang><idCitation><resTitle Sync="TRUE">Abadi90_24</resTitle><presForm><PresFormCd Sync="TRUE" value="005"></PresFormCd></presForm></idCitation><spatRpType><SpatRepTypCd Sync="TRUE" value="001"></SpatRepTypCd></spatRpType><dataExt><geoEle><GeoBndBox esriExtentType="native"><westBL Sync="TRUE">-860281.0035</westBL><eastBL Sync="TRUE">921285.6375</eastBL><northBL Sync="TRUE">1788858.6775</northBL><southBL Sync="TRUE">147415.4819</southBL><exTypeCode Sync="TRUE">1</exTypeCode></GeoBndBox></geoEle></dataExt><geoBox esriExtentType="decdegrees"><westBL Sync="TRUE">44.006499</westBL><eastBL Sync="TRUE">64.697445</eastBL><northBL Sync="TRUE">40.098987</northBL><southBL Sync="TRUE">24.963247</southBL><exTypeCode Sync="TRUE">1</exTypeCode></geoBox></dataIdInfo><metainfo><langmeta Sync="TRUE">fa</langmeta><metstdn Sync="TRUE">FGDC Content Standards for Digital Geospatial Metadata</metstdn><metstdv Sync="TRUE">FGDC-STD-001-1998</metstdv><mettc Sync="TRUE">local time</mettc><metc><cntinfo><cntorgp><cntper>REQUIRED: The person responsible for the metadata information.</cntper><cntorg>REQUIRED: The organization responsible for the metadata information.</cntorg></cntorgp><cntaddr><addrtype>REQUIRED: The mailing and/or physical address for the organization or individual.</addrtype><city>REQUIRED: The city of the address.</city><state>REQUIRED: The state or province of the address.</state><postal>REQUIRED: The ZIP or other postal code of the address.</postal></cntaddr><cntvoice>REQUIRED: The telephone number by which individuals can speak to the organization or individual.</cntvoice></cntinfo></metc><metd Sync="TRUE">20141219</metd></metainfo><mdLang><languageCode Sync="TRUE" value="eng"></languageCode><countryCode value="USA" Sync="TRUE"></countryCode></mdLang><mdStanName Sync="TRUE">ISO 19115 Geographic Information - Metadata</mdStanName><mdStanVer Sync="TRUE">DIS_ESRI1.0</mdStanVer><mdChar><CharSetCd Sync="TRUE" value="004"></CharSetCd></mdChar><mdHrLv><ScopeCd Sync="TRUE" value="005"></ScopeCd></mdHrLv><mdHrLvName Sync="TRUE">dataset</mdHrLvName><distinfo><resdesc Sync="TRUE">Downloadable Data</resdesc><stdorder><digform><digtinfo><transize Sync="TRUE">2.578</transize><dssize Sync="TRUE">2.578</dssize></digtinfo></digform></stdorder></distinfo><distInfo><distributor><distorTran><onLineSrc><orDesc Sync="TRUE">002</orDesc><linkage Sync="TRUE">file://\\NAVID-PC\E$\Tasks_New\JahanNaghshePardaz\Program\IranStatCentre\IranCensus\IranCensus\bin\Debug\ParsSys\Files\TempLyr.gdb</linkage><protocol Sync="TRUE">Local Area Network</protocol></onLineSrc><transSize Sync="TRUE">2.578</transSize></distorTran><distorFormat><formatName Sync="TRUE">File Geodatabase Feature Class</formatName></distorFormat></distributor><distFormat><formatName Sync="TRUE">Shapefile</formatName></distFormat><distTranOps><transSize Sync="TRUE">0.000</transSize></distTranOps></distInfo><spdoinfo><direct Sync="TRUE">Vector</direct><ptvctinf><esriterm Name="Abadi90_24"><efeatyp Sync="TRUE">Simple</efeatyp><efeageom code="1" Sync="TRUE"></efeageom><esritopo Sync="TRUE">FALSE</esritopo><efeacnt Sync="TRUE">0</efeacnt><spindex Sync="TRUE">FALSE</spindex><linrefer Sync="TRUE">FALSE</linrefer></esriterm></ptvctinf></spdoinfo><spref><horizsys><cordsysn><geogcsn Sync="TRUE">GCS_WGS_1984</geogcsn><projcsn Sync="TRUE">Lambert of IRAN</projcsn></cordsysn><planar><planci><plance Sync="TRUE">coordinate pair</plance><plandu Sync="TRUE">meters</plandu><coordrep><absres Sync="TRUE">0.000100</absres><ordres Sync="TRUE">0.000100</ordres></coordrep></planci></planar><geodetic><horizdn Sync="TRUE">D_WGS_1984</horizdn><ellips Sync="TRUE">WGS_1984</ellips><semiaxis Sync="TRUE">6378137.000000</semiaxis><denflat Sync="TRUE">298.257224</denflat></geodetic></horizsys><vertdef><altsys><altenc Sync="TRUE">Explicit elevation coordinate included with horizontal coordinates</altenc><altres Sync="TRUE">0.000100</altres></altsys></vertdef></spref><refSysInfo><RefSystem><refSysID><identCode Sync="TRUE" code="0">Lambert of IRAN</identCode></refSysID></RefSystem></refSysInfo><spatRepInfo><VectSpatRep><geometObjs Name="Abadi90_24"><geoObjTyp><GeoObjTypCd value="004" Sync="TRUE"></GeoObjTypCd></geoObjTyp><geoObjCnt Sync="TRUE">0</geoObjCnt></geometObjs><topLvl><TopoLevCd value="001" Sync="TRUE"></TopoLevCd></topLvl></VectSpatRep></spatRepInfo><eainfo><detailed Name="Abadi90_24"><enttyp><enttypl Sync="TRUE">Abadi90_24</enttypl><enttypt Sync="TRUE">Feature Class</enttypt><enttypc Sync="TRUE">0</enttypc></enttyp><attr><attrlabl Sync="TRUE">FID</attrlabl><attalias Sync="TRUE">FID</attalias><attrtype Sync="TRUE">OID</attrtype><attwidth Sync="TRUE">4</attwidth><atprecis Sync="TRUE">0</atprecis><attscale Sync="TRUE">0</attscale><attrdef Sync="TRUE">Internal feature number.</attrdef><attrdefs Sync="TRUE">Esri</attrdefs><attrdomv><udom Sync="TRUE">Sequential unique whole numbers that are automatically generated.</udom></attrdomv></attr><attr><attrlabl Sync="TRUE">Shape</attrlabl><attalias Sync="TRUE">Shape</attalias><attrtype Sync="TRUE">Geometry</attrtype><attwidth Sync="TRUE">0</attwidth><atprecis Sync="TRUE">0</atprecis><attscale Sync="TRUE">0</attscale><attrdef Sync="TRUE">Feature geometry.</attrdef><attrdefs Sync="TRUE">ESRI</attrdefs><attrdomv><udom Sync="TRUE">Coordinates defining the features.</udom></attrdomv></attr><attr><attrlabl Sync="TRUE">Abadi_Code</attrlabl><attalias Sync="TRUE">Abadi_Code</attalias><attrtype Sync="TRUE">String</attrtype><attwidth Sync="TRUE">6</attwidth><atprecis Sync="TRUE">0</atprecis><attscale Sync="TRUE">0</attscale></attr><attr><attrlabl Sync="TRUE">F5</attrlabl><attalias Sync="TRUE">F5</attalias><attrtype Sync="TRUE">String</attrtype><attwidth Sync="TRUE">254</attwidth><atprecis Sync="TRUE">0</atprecis><attscale Sync="TRUE">0</attscale></attr><attr><attrlabl Sync="TRUE">ostan</attrlabl><attalias Sync="TRUE">ostan</attalias><attrtype Sync="TRUE">String</attrtype><attwidth Sync="TRUE">254</attwidth><atprecis Sync="TRUE">0</atprecis><attscale Sync="TRUE">0</attscale></attr><attr><attrlabl Sync="TRUE">shahrestan</attrlabl><attalias Sync="TRUE">shahrestan</attalias><attrtype Sync="TRUE">String</attrtype><attwidth Sync="TRUE">254</attwidth><atprecis Sync="TRUE">0</atprecis><attscale Sync="TRUE">0</attscale></attr><attr><attrlabl Sync="TRUE">bakhsh</attrlabl><attalias Sync="TRUE">bakhsh</attalias><attrtype Sync="TRUE">String</attrtype><attwidth Sync="TRUE">254</attwidth><atprecis Sync="TRUE">0</atprecis><attscale Sync="TRUE">0</attscale></attr><attr><attrlabl Sync="TRUE">shrdeh</attrlabl><attalias Sync="TRUE">shrdeh</attalias><attrtype Sync="TRUE">String</attrtype><attwidth Sync="TRUE">254</attwidth><atprecis Sync="TRUE">0</atprecis><attscale Sync="TRUE">0</attscale></attr><attr><attrlabl Sync="TRUE">Abadi</attrlabl><attalias Sync="TRUE">Abadi</attalias><attrtype Sync="TRUE">String</attrtype><attwidth Sync="TRUE">254</attwidth><atprecis Sync="TRUE">0</atprecis><attscale Sync="TRUE">0</attscale></attr><attr><attrlabl Sync="TRUE">Population</attrlabl><attalias Sync="TRUE">Population</attalias><attrtype Sync="TRUE">Double</attrtype><attwidth Sync="TRUE">19</attwidth><atprecis Sync="TRUE">0</atprecis><attscale Sync="TRUE">0</attscale></attr><attr><attrlabl Sync="TRUE">F63</attrlabl><attalias Sync="TRUE">F63</attalias><attrtype Sync="TRUE">Double</attrtype><attwidth Sync="TRUE">19</attwidth><atprecis Sync="TRUE">0</atprecis><attscale Sync="TRUE">0</attscale></attr><attr><attrlabl Sync="TRUE">F64</attrlabl><attalias Sync="TRUE">F64</attalias><attrtype Sync="TRUE">Double</attrtype><attwidth Sync="TRUE">19</attwidth><atprecis Sync="TRUE">0</atprecis><attscale Sync="TRUE">0</attscale></attr><attr><attrlabl Sync="TRUE">F65</attrlabl><attalias Sync="TRUE">F65</attalias><attrtype Sync="TRUE">Double</attrtype><attwidth Sync="TRUE">19</attwidth><atprecis Sync="TRUE">0</atprecis><attscale Sync="TRUE">0</attscale></attr></detailed></eainfo><mdDateSt Sync="TRUE">20170430</mdDateSt><dataqual><lineage><procstep><procdesc Sync="TRUE">Dataset copied.</procdesc><srcused Sync="TRUE">\\JNP-C45491591E1\C$\Program Files\JNP\PARS1390\Debug\ParsSys\Files\TempLyr.gdb</srcused><procdate Sync="TRUE">20141122</procdate><proctime Sync="TRUE">14410200</proctime></procstep></lineage></dataqual></metadata>
