<?xml version="1.0"?>
<!--<!DOCTYPE metadata SYSTEM "http://www.esri.com/metadata/esriprof80.dtd">-->
<metadata xml:lang="fa"><Esri><CreaDate>20110703</CreaDate><CreaTime>13311900</CreaTime><SyncOnce>TRUE</SyncOnce><MetaID>{C11FB462-D14E-4C8D-AFC4-DCBCE9260167}</MetaID></Esri><idinfo><citation><citeinfo><onlink Sync="TRUE">\\HASSAN-PC\C$\GIS\LAYER TEHRAN\ورزشی\stadium-shape</onlink></citeinfo></citation></idinfo><distInfo><distributor><distorTran><onLineSrc><linkage Sync="TRUE">file://\\HASSAN-PC\C$\GIS\LAYER TEHRAN\ورزشی\stadium-shape</linkage><protocol Sync="TRUE">Local Area Network</protocol></onLineSrc></distorTran></distributor></distInfo><dataqual><lineage><procstep><procdesc Sync="TRUE">Dataset copied.</procdesc><srcused Sync="TRUE">C:\GIS\tehran\تهران\POLY\stadium-shape</srcused><procdate Sync="TRUE">20110703</procdate><proctime Sync="TRUE">13311900</proctime></procstep></lineage></dataqual></metadata>
