<?xml version="1.0"?>
<!--<!DOCTYPE metadata SYSTEM "http://www.esri.com/metadata/esriprof80.dtd">-->
<metadata xml:lang="fa"><Esri><CreaDate>20110705</CreaDate><CreaTime>00240500</CreaTime><SyncOnce>TRUE</SyncOnce><MetaID>{2C92D828-CA7B-419B-8FAF-52DBCC386E98}</MetaID></Esri><idinfo><citation><citeinfo><onlink Sync="TRUE">\\HASSAN-PC\C$\GIS\LAYER TEHRAN\خطی\رودخانه، قنات، گودال\dam-line</onlink></citeinfo></citation></idinfo><distInfo><distributor><distorTran><onLineSrc><linkage Sync="TRUE">file://\\HASSAN-PC\C$\GIS\LAYER TEHRAN\خطی\رودخانه، قنات، گودال\dam-line</linkage><protocol Sync="TRUE">Local Area Network</protocol></onLineSrc></distorTran></distributor></distInfo><dataqual><lineage><procstep><procdesc Sync="TRUE">Dataset copied.</procdesc><srcused Sync="TRUE">C:\GIS\tehran\تهران\LINE\dam-line</srcused><procdate Sync="TRUE">20110704</procdate><proctime Sync="TRUE">12522300</proctime></procstep><procstep><procdesc Sync="TRUE">Dataset copied.</procdesc><srcused Sync="TRUE">C:\GIS\LAYER TEHRAN\خطی\سد\dam-line</srcused><procdate Sync="TRUE">20110705</procdate><proctime Sync="TRUE">00240500</proctime></procstep></lineage></dataqual></metadata>
