<?xml version="1.0"?>
<!--<!DOCTYPE metadata SYSTEM "http://www.esri.com/metadata/esriprof80.dtd">-->
<metadata xml:lang="fa"><Esri><CreaDate>20110705</CreaDate><CreaTime>00032300</CreaTime><SyncOnce>TRUE</SyncOnce><MetaID>{C9B98E60-5B80-4209-993D-0BB61D698AA9}</MetaID></Esri><idinfo><citation><citeinfo><onlink Sync="TRUE">\\HASSAN-PC\C$\GIS\LAYER TEHRAN\خطی\New Folder\qanat-line</onlink></citeinfo></citation></idinfo><distInfo><distributor><distorTran><onLineSrc><linkage Sync="TRUE">file://\\HASSAN-PC\C$\GIS\LAYER TEHRAN\خطی\New Folder\qanat-line</linkage><protocol Sync="TRUE">Local Area Network</protocol></onLineSrc></distorTran></distributor></distInfo><dataqual><lineage><procstep><procdesc Sync="TRUE">Dataset copied.</procdesc><srcused Sync="TRUE">C:\GIS\tehran\تهران\LINE\qanat-line</srcused><procdate Sync="TRUE">20110705</procdate><proctime Sync="TRUE">00032300</proctime></procstep></lineage></dataqual></metadata>
