<?xml version="1.0"?>
<!--<!DOCTYPE metadata SYSTEM "http://www.esri.com/metadata/esriprof80.dtd">-->
<metadata xml:lang="fa"><Esri><CreaDate>20110703</CreaDate><CreaTime>13361000</CreaTime><SyncOnce>TRUE</SyncOnce><MetaID>{5AE4B0D0-AD25-4088-A356-CB536B91D24E}</MetaID></Esri><idinfo><citation><citeinfo><onlink Sync="TRUE">\\HASSAN-PC\C$\GIS\LAYER TEHRAN\کمپ، هتل، استخر، کمپ قبیله ای،\service-area-shape</onlink></citeinfo></citation></idinfo><distInfo><distributor><distorTran><onLineSrc><linkage Sync="TRUE">file://\\HASSAN-PC\C$\GIS\LAYER TEHRAN\کمپ، هتل، استخر، کمپ قبیله ای،\service-area-shape</linkage><protocol Sync="TRUE">Local Area Network</protocol></onLineSrc></distorTran></distributor></distInfo><dataqual><lineage><procstep><procdesc Sync="TRUE">Dataset copied.</procdesc><srcused Sync="TRUE">C:\GIS\tehran\تهران\POLY\service-area-shape</srcused><procdate Sync="TRUE">20110703</procdate><proctime Sync="TRUE">13361000</proctime></procstep></lineage></dataqual></metadata>
