<?xml version="1.0"?>
<!--<!DOCTYPE metadata SYSTEM "http://www.esri.com/metadata/esriprof80.dtd">-->
<metadata xml:lang="fa"><Esri><CreaDate>20110703</CreaDate><CreaTime>13335700</CreaTime><SyncOnce>TRUE</SyncOnce><MetaID>{FB065C7D-20F8-4F26-A5AF-978CF62DD49E}</MetaID></Esri><idinfo><citation><citeinfo><onlink Sync="TRUE">\\HASSAN-PC\C$\GIS\LAYER TEHRAN\جنگلی درختی مرتع بوته زراعی\orchard-shape</onlink></citeinfo></citation></idinfo><distInfo><distributor><distorTran><onLineSrc><linkage Sync="TRUE">file://\\HASSAN-PC\C$\GIS\LAYER TEHRAN\جنگلی درختی مرتع بوته زراعی\orchard-shape</linkage><protocol Sync="TRUE">Local Area Network</protocol></onLineSrc></distorTran></distributor></distInfo><dataqual><lineage><procstep><procdesc Sync="TRUE">Dataset copied.</procdesc><srcused Sync="TRUE">C:\GIS\tehran\تهران\POLY\orchard-shape</srcused><procdate Sync="TRUE">20110703</procdate><proctime Sync="TRUE">13335700</proctime></procstep></lineage></dataqual></metadata>
