<?xml version="1.0"?>
<!--<!DOCTYPE metadata SYSTEM "http://www.esri.com/metadata/esriprof80.dtd">-->
<metadata xml:lang="fa"><Esri><CreaDate>20110703</CreaDate><CreaTime>13155400</CreaTime><SyncOnce>TRUE</SyncOnce><MetaID>{3D08280B-0559-4D95-9C46-4BF7B3801EE4}</MetaID></Esri><idinfo><citation><citeinfo><onlink Sync="TRUE">\\HASSAN-PC\C$\GIS\LAYER TEHRAN\جنگلی درختی مرتع بوته زراعی\vine-yard-shape</onlink></citeinfo></citation></idinfo><distInfo><distributor><distorTran><onLineSrc><linkage Sync="TRUE">file://\\HASSAN-PC\C$\GIS\LAYER TEHRAN\جنگلی درختی مرتع بوته زراعی\vine-yard-shape</linkage><protocol Sync="TRUE">Local Area Network</protocol></onLineSrc></distorTran></distributor></distInfo><dataqual><lineage><procstep><procdesc Sync="TRUE">Dataset copied.</procdesc><srcused Sync="TRUE">C:\GIS\tehran\تهران\POLY\vine-yard-shape</srcused><procdate Sync="TRUE">20110703</procdate><proctime Sync="TRUE">13155400</proctime></procstep></lineage></dataqual></metadata>
