<?xml version="1.0"?>
<!--<!DOCTYPE metadata SYSTEM "http://www.esri.com/metadata/esriprof80.dtd">-->
<metadata xml:lang="fa"><Esri><CreaDate>20110705</CreaDate><CreaTime>00212400</CreaTime><SyncOnce>TRUE</SyncOnce><MetaID>{84A345E4-D2D4-4F3B-BF61-DF0D320BE030}</MetaID></Esri><idinfo><citation><citeinfo><onlink Sync="TRUE">\\HASSAN-PC\C$\GIS\LAYER TEHRAN\خطی\شبکه زهکشی، دیوار خاکی\canal-line</onlink></citeinfo></citation></idinfo><distInfo><distributor><distorTran><onLineSrc><linkage Sync="TRUE">file://\\HASSAN-PC\C$\GIS\LAYER TEHRAN\خطی\شبکه زهکشی، دیوار خاکی\canal-line</linkage><protocol Sync="TRUE">Local Area Network</protocol></onLineSrc></distorTran></distributor></distInfo><dataqual><lineage><procstep><procdesc Sync="TRUE">Dataset copied.</procdesc><srcused Sync="TRUE">C:\GIS\tehran\تهران\LINE\canal-line</srcused><procdate Sync="TRUE">20110705</procdate><proctime Sync="TRUE">00212400</proctime></procstep></lineage></dataqual></metadata>
