<?xml version="1.0"?>
<!--<!DOCTYPE metadata SYSTEM "http://www.esri.com/metadata/esriprof80.dtd">-->
<metadata xml:lang="fa"><Esri><CreaDate>20110704</CreaDate><CreaTime>12593500</CreaTime><SyncOnce>TRUE</SyncOnce><MetaID>{78F7BB9B-9BA6-49EA-BD2A-AA4649EC61E6}</MetaID></Esri><idinfo><citation><citeinfo><onlink Sync="TRUE">\\HASSAN-PC\C$\GIS\LAYER TEHRAN\خطی\شبکه زهکشی، دیوار خاکی\drainage-line</onlink></citeinfo></citation></idinfo><distInfo><distributor><distorTran><onLineSrc><linkage Sync="TRUE">file://\\HASSAN-PC\C$\GIS\LAYER TEHRAN\خطی\شبکه زهکشی، دیوار خاکی\drainage-line</linkage><protocol Sync="TRUE">Local Area Network</protocol></onLineSrc></distorTran></distributor></distInfo><dataqual><lineage><procstep><procdesc Sync="TRUE">Dataset copied.</procdesc><srcused Sync="TRUE">C:\GIS\tehran\تهران\LINE\drainage-line</srcused><procdate Sync="TRUE">20110704</procdate><proctime Sync="TRUE">12593500</proctime></procstep></lineage></dataqual></metadata>
