<?xml version="1.0"?>
<!--<!DOCTYPE metadata SYSTEM "http://www.esri.com/metadata/esriprof80.dtd">-->
<metadata xml:lang="fa"><Esri><CreaDate>20110704</CreaDate><CreaTime>12593500</CreaTime><SyncOnce>TRUE</SyncOnce><MetaID>{08FA01F2-1F2A-42B2-B53C-7ECDA8FE5A11}</MetaID></Esri><idinfo><citation><citeinfo><onlink Sync="TRUE">\\HASSAN-PC\C$\GIS\LAYER TEHRAN\خطی\شبکه زهکشی، دیوار خاکی\embankment-line</onlink></citeinfo></citation></idinfo><distInfo><distributor><distorTran><onLineSrc><linkage Sync="TRUE">file://\\HASSAN-PC\C$\GIS\LAYER TEHRAN\خطی\شبکه زهکشی، دیوار خاکی\embankment-line</linkage><protocol Sync="TRUE">Local Area Network</protocol></onLineSrc></distorTran></distributor></distInfo><dataqual><lineage><procstep><procdesc Sync="TRUE">Dataset copied.</procdesc><srcused Sync="TRUE">C:\GIS\tehran\تهران\LINE\embankment-line</srcused><procdate Sync="TRUE">20110704</procdate><proctime Sync="TRUE">12593500</proctime></procstep></lineage></dataqual></metadata>
