<?xml version="1.0"?>
<!--<!DOCTYPE metadata SYSTEM "http://www.esri.com/metadata/esriprof80.dtd">-->
<metadata xml:lang="fa"><Esri><CreaDate>20110705</CreaDate><CreaTime>00244400</CreaTime><SyncOnce>TRUE</SyncOnce><MetaID>{7F7263A7-8B2D-4602-A494-07DA62BB332A}</MetaID></Esri><idinfo><citation><citeinfo><onlink Sync="TRUE">\\HASSAN-PC\C$\GIS\LAYER TEHRAN\خطی\New Folder\sand-shur-line</onlink></citeinfo></citation></idinfo><distInfo><distributor><distorTran><onLineSrc><linkage Sync="TRUE">file://\\HASSAN-PC\C$\GIS\LAYER TEHRAN\خطی\New Folder\sand-shur-line</linkage><protocol Sync="TRUE">Local Area Network</protocol></onLineSrc></distorTran></distributor></distInfo><dataqual><lineage><procstep><procdesc Sync="TRUE">Dataset copied.</procdesc><srcused Sync="TRUE">C:\GIS\tehran\تهران\LINE\sand-shur-line</srcused><procdate Sync="TRUE">20110705</procdate><proctime Sync="TRUE">00244400</proctime></procstep></lineage></dataqual></metadata>
