<?xml version="1.0"?>
<!--<!DOCTYPE metadata SYSTEM "http://www.esri.com/metadata/esriprof80.dtd">-->
<metadata xml:lang="fa"><Esri><CreaDate>20110703</CreaDate><CreaTime>12592900</CreaTime><SyncOnce>TRUE</SyncOnce><MetaID>{F5604A67-092D-4EDA-A2E7-15BD66D62216}</MetaID><DataProperties><lineage><Process ToolSource="c:\program files (x86)\arcgis\desktop10.2\ArcToolbox\Toolboxes\Data Management Tools.tbx\DefineProjection" Date="20150113" Time="010517">DefineProjection indust-complex-shape PROJCS['WGS_1984_UTM_Zone_39N',GEOGCS['GCS_WGS_1984',DATUM['D_WGS_1984',SPHEROID['WGS_1984',6378137.0,298.257223563]],PRIMEM['Greenwich',0.0],UNIT['Degree',0.0174532925199433]],PROJECTION['Transverse_Mercator'],PARAMETER['False_Easting',500000.0],PARAMETER['False_Northing',0.0],PARAMETER['Central_Meridian',51.0],PARAMETER['Scale_Factor',0.9996],PARAMETER['Latitude_Of_Origin',0.0],UNIT['Meter',1.0]]</Process></lineage></DataProperties></Esri><idinfo><citation><citeinfo><onlink Sync="TRUE">\\HASSAN-PC\C$\GIS\LAYER TEHRAN\New Folder\indust-complex-shape</onlink></citeinfo></citation></idinfo><distInfo><distributor><distorTran><onLineSrc><linkage Sync="TRUE">file://\\HASSAN-PC\C$\GIS\LAYER TEHRAN\New Folder\indust-complex-shape</linkage><protocol Sync="TRUE">Local Area Network</protocol></onLineSrc></distorTran></distributor></distInfo><dataqual><lineage><procstep><procdesc Sync="TRUE">Dataset copied.</procdesc><srcused Sync="TRUE">C:\GIS\tehran\تهران\POLY\indust-complex-shape</srcused><procdate Sync="TRUE">20110703</procdate><proctime Sync="TRUE">12592900</proctime></procstep></lineage></dataqual></metadata>
