<?xml version="1.0"?>
<!--<!DOCTYPE metadata SYSTEM "http://www.esri.com/metadata/esriprof80.dtd">-->
<metadata xml:lang="fa"><Esri><CreaDate>20110703</CreaDate><CreaTime>13365900</CreaTime><SyncOnce>TRUE</SyncOnce><MetaID>{28847C6B-0166-4960-A077-DA1EA9B80C96}</MetaID></Esri><idinfo><citation><citeinfo><onlink Sync="TRUE">\\HASSAN-PC\C$\GIS\LAYER TEHRAN\رودخانه، دریاچه،سیلاب، گل و لای، واترپمپ\pond-shape</onlink></citeinfo></citation></idinfo><distInfo><distributor><distorTran><onLineSrc><linkage Sync="TRUE">file://\\HASSAN-PC\C$\GIS\LAYER TEHRAN\رودخانه، دریاچه،سیلاب، گل و لای، واترپمپ\pond-shape</linkage><protocol Sync="TRUE">Local Area Network</protocol></onLineSrc></distorTran></distributor></distInfo><dataqual><lineage><procstep><procdesc Sync="TRUE">Dataset copied.</procdesc><srcused Sync="TRUE">C:\GIS\tehran\تهران\POLY\pond-shape</srcused><procdate Sync="TRUE">20110703</procdate><proctime Sync="TRUE">13365900</proctime></procstep></lineage></dataqual></metadata>
