<?xml version="1.0"?>
<!--<!DOCTYPE metadata SYSTEM "http://www.esri.com/metadata/esriprof80.dtd">-->
<metadata xml:lang="fa"><Esri><CreaDate>20110703</CreaDate><CreaTime>13161300</CreaTime><SyncOnce>TRUE</SyncOnce><MetaID>{DED16718-F3E5-4A82-9A62-A768C79BC2BD}</MetaID></Esri><idinfo><citation><citeinfo><onlink Sync="TRUE">\\HASSAN-PC\C$\GIS\LAYER TEHRAN\رودخانه، دریاچه،سیلاب، گل و لای، واترپمپ\water-reservoir-shape</onlink></citeinfo></citation></idinfo><distInfo><distributor><distorTran><onLineSrc><linkage Sync="TRUE">file://\\HASSAN-PC\C$\GIS\LAYER TEHRAN\رودخانه، دریاچه،سیلاب، گل و لای، واترپمپ\water-reservoir-shape</linkage><protocol Sync="TRUE">Local Area Network</protocol></onLineSrc></distorTran></distributor></distInfo><dataqual><lineage><procstep><procdesc Sync="TRUE">Dataset copied.</procdesc><srcused Sync="TRUE">C:\GIS\tehran\تهران\POLY\water-reservoir-shape</srcused><procdate Sync="TRUE">20110703</procdate><proctime Sync="TRUE">13161300</proctime></procstep></lineage></dataqual></metadata>
